sku_id,brand,product_name,gender,vendor,ABC,list_price,unit_cost,lead_time_days,moq,case_pack,avg_weekly_demand,std_weekly_demand,on_hand,allocated,on_order,available,inventory_value,weeks_of_supply,stockout_risk,excess_risk
SKU_00001,Calvin Klein,Calvin Klein Product 1,men,Vendor A,C,40.12,10.777,14,48,12,10.1914,5.0655,23,2,56,21,226.32,2.25680475695194,False,False
SKU_00002,Unbranded,Unbranded Product 2,unisex,Vendor B,C,46.83,18.1456,14,72,12,5.6335,3.6714,4,6,13,0,0.0,0.7100381645513447,True,False
SKU_00003,Kenneth Cole,Kenneth Cole Product 3,men,Vendor A,C,38.19,11.0258,14,24,24,11.4592,4.5409,75,10,2,65,716.68,6.544959508517175,False,False
SKU_00004,Montblanc,Montblanc Product 4,men,Vendor D,C,63.83,18.8744,28,24,24,7.9841,4.2466,81,8,43,73,1377.83,10.145163512481057,False,False
SKU_00005,Versace,Versace Product 5,women,Vendor C,A,85.79,37.7206,21,48,12,1.8328,1.426,92,5,31,87,3281.69,50.196420776953296,False,True
SKU_00006,Armaf,Armaf Product 6,women,Vendor A,C,36.65,13.4827,35,24,12,10.6786,5.2249,114,5,50,109,1469.61,10.675556720918474,False,False
SKU_00007,Lacoste,Lacoste Product 7,unisex,Vendor A,C,47.72,25.1272,35,48,6,6.1265,4.542,59,0,6,59,1482.5,9.630294621725291,False,False
SKU_00008,Ralph Lauren,Ralph Lauren Product 8,women,Vendor C,C,112.48,38.8896,35,24,24,2.1288,1.4175,99,4,4,95,3694.51,46.50507328072153,False,True
SKU_00009,Versace,Versace Product 9,men,Vendor C,A,17.25,8.0705,28,12,24,2.2559,0.4245,85,10,34,75,605.29,37.67897513187641,False,True
SKU_00010,Ralph Lauren,Ralph Lauren Product 10,men,Vendor D,C,61.76,23.9833,42,48,24,8.4066,3.6057,33,3,52,30,719.5,3.9254871172650065,False,False
SKU_00011,Kenneth Cole,Kenneth Cole Product 11,unisex,Vendor B,C,88.85,39.8035,14,12,12,1.0448,0.631,101,14,24,87,3462.9,96.66921898928025,False,True
SKU_00012,Unbranded,Unbranded Product 12,women,Vendor D,C,28.25,12.1449,28,12,6,3.7958,3.0039,6,1,47,5,60.72,1.5806944517624744,True,False
SKU_00013,Montblanc,Montblanc Product 13,unisex,Vendor B,C,17.12,6.7082,28,24,12,2.1076,0.9441,71,8,54,63,422.62,33.68760675650028,False,True
SKU_00014,Montblanc,Montblanc Product 14,men,Vendor D,C,26.93,14.408,42,48,6,5.5724,1.1719,112,7,52,105,1512.84,20.09905965113775,False,True
SKU_00015,Kenneth Cole,Kenneth Cole Product 15,women,Vendor A,C,111.23,39.2435,28,48,6,5.2651,2.7131,79,12,30,67,2629.31,15.004463353022734,False,True
SKU_00016,Calvin Klein,Calvin Klein Product 16,women,Vendor A,B,13.0,3.9412,35,12,6,6.5016,1.5101,112,13,41,99,390.18,17.22652885443583,False,True
SKU_00017,Kenneth Cole,Kenneth Cole Product 17,men,Vendor A,C,32.34,14.6639,21,12,24,3.7158,2.3725,6,8,31,0,0.0,1.6147263038914903,True,False
SKU_00018,Calvin Klein,Calvin Klein Product 18,women,Vendor B,A,15.38,7.7485,42,72,6,0.8685,0.4169,63,9,40,54,418.42,72.53886010362694,False,True
SKU_00019,Armaf,Armaf Product 19,women,Vendor D,C,23.95,6.2767,28,12,6,7.5654,4.6923,93,10,34,83,520.97,12.292806725354904,False,True
SKU_00020,Lacoste,Lacoste Product 20,men,Vendor A,C,78.98,30.3986,28,12,24,4.7978,3.4308,77,7,31,70,2127.9,16.049022468631456,False,True
SKU_00021,Versace,Versace Product 21,men,Vendor B,C,38.1,19.7261,42,12,12,7.9904,4.4652,105,2,26,103,2031.79,13.140768922707249,False,True
SKU_00022,Ralph Lauren,Ralph Lauren Product 22,women,Vendor A,C,73.47,34.8898,28,24,24,1.7497,0.959,55,6,39,49,1709.6,31.43396010744699,False,True
SKU_00023,Ralph Lauren,Ralph Lauren Product 23,men,Vendor D,C,75.74,41.4709,28,48,12,0.6584,0.4217,81,3,45,78,3234.73,123.0255164034022,False,True
SKU_00024,Montblanc,Montblanc Product 24,men,Vendor C,C,103.74,42.4737,28,48,24,3.3554,2.3407,50,6,55,44,1868.84,14.901353042856291,False,True
SKU_00025,Versace,Versace Product 25,men,Vendor D,C,12.51,5.6045,21,48,12,5.7503,4.1108,104,9,36,95,532.43,18.08601290367459,False,True
SKU_00026,Versace,Versace Product 26,men,Vendor C,B,104.16,35.4919,28,12,12,5.0318,0.8739,14,3,6,11,390.41,2.782304543105847,False,False
SKU_00027,Kenneth Cole,Kenneth Cole Product 27,unisex,Vendor C,C,78.86,42.1318,21,24,12,9.8185,5.0224,30,3,35,27,1137.56,3.0554565361307735,False,False
SKU_00028,Ralph Lauren,Ralph Lauren Product 28,women,Vendor D,A,29.58,10.6459,14,24,12,4.8451,1.4079,11,12,18,0,0.0,2.2703349776062414,False,False
SKU_00029,Kenneth Cole,Kenneth Cole Product 29,men,Vendor A,A,95.48,45.0239,35,12,12,6.6001,4.681,84,5,1,79,3556.89,12.727079892728897,False,True
SKU_00030,Kenneth Cole,Kenneth Cole Product 30,unisex,Vendor D,C,104.39,38.7226,28,12,12,7.3254,4.1862,27,2,4,25,968.06,3.685805553280367,False,False
SKU_00031,Lacoste,Lacoste Product 31,women,Vendor C,C,39.46,16.5158,28,24,6,0.7511,0.3178,38,10,35,28,462.44,50.59246438556784,False,True
SKU_00032,Ralph Lauren,Ralph Lauren Product 32,men,Vendor C,C,111.23,51.8259,28,12,24,6.424,1.749,100,10,56,90,4664.33,15.56662515566625,False,True
SKU_00033,Ralph Lauren,Ralph Lauren Product 33,women,Vendor B,C,61.08,24.5957,28,24,12,4.4656,1.6539,43,12,30,31,762.47,9.62916517377284,False,False
SKU_00034,Versace,Versace Product 34,men,Vendor D,C,77.17,40.2925,28,48,6,5.3447,3.2467,17,11,26,6,241.76,3.180721088180815,False,False
SKU_00035,Lacoste,Lacoste Product 35,unisex,Vendor B,C,118.34,44.471,42,12,12,1.6533,0.4676,2,14,5,0,0.0,1.2097018085042037,True,False
SKU_00036,Ralph Lauren,Ralph Lauren Product 36,women,Vendor A,B,51.05,22.6724,42,24,24,9.5024,2.0034,27,8,40,19,430.78,2.8413874389627884,False,False
SKU_00037,Armaf,Armaf Product 37,women,Vendor D,A,99.82,35.2074,28,48,12,11.3376,8.2449,109,4,3,105,3696.78,9.614027660174992,False,False
SKU_00038,Calvin Klein,Calvin Klein Product 38,men,Vendor A,C,46.39,17.2778,28,48,12,0.7561,0.489,65,12,50,53,915.72,85.96746462108187,False,True
SKU_00039,Lacoste,Lacoste Product 39,women,Vendor A,B,98.32,37.5597,28,48,24,7.4158,2.0754,119,3,48,116,4356.93,16.046818954124976,False,True
SKU_00040,Calvin Klein,Calvin Klein Product 40,men,Vendor C,C,76.88,22.1216,28,24,6,9.2842,3.1567,25,4,59,21,464.55,2.692746817173262,False,False
SKU_00041,Unbranded,Unbranded Product 41,men,Vendor A,C,35.37,9.8158,28,48,24,3.7753,2.9517,42,12,17,30,294.47,11.124943713082404,False,False
SKU_00042,Calvin Klein,Calvin Klein Product 42,men,Vendor D,C,56.71,25.5335,28,12,12,9.5569,5.8328,19,13,9,6,153.2,1.988092373049838,True,False
SKU_00043,Ralph Lauren,Ralph Lauren Product 43,women,Vendor B,C,46.3,20.6801,28,24,12,7.7721,4.2501,47,5,17,42,868.56,6.047271651162491,False,False
SKU_00044,Ralph Lauren,Ralph Lauren Product 44,men,Vendor A,C,20.44,9.175,28,12,12,11.1854,3.9144,67,10,47,57,522.98,5.989951186367944,False,False
SKU_00045,Montblanc,Montblanc Product 45,unisex,Vendor D,C,15.22,3.8953,28,24,24,11.7816,4.058,96,13,13,83,323.31,8.148299042574862,False,False
SKU_00046,Calvin Klein,Calvin Klein Product 46,women,Vendor C,C,49.42,17.1964,28,24,12,0.987,0.1734,44,11,53,33,567.48,44.57953394123607,False,True
SKU_00047,Armaf,Armaf Product 47,men,Vendor B,C,14.06,4.3494,14,12,12,5.6168,3.5021,92,0,9,92,400.14,16.379433129183877,False,True
SKU_00048,Lacoste,Lacoste Product 48,men,Vendor C,C,29.87,14.4405,21,48,12,6.7904,1.2091,75,9,2,66,953.07,11.045004712535343,False,False
SKU_00049,Lacoste,Lacoste Product 49,men,Vendor C,C,90.32,45.8996,35,24,12,2.1875,0.335,35,2,13,33,1514.69,16.0,False,True
SKU_00050,Unbranded,Unbranded Product 50,women,Vendor A,A,88.47,28.6646,28,12,12,4.3673,2.7259,109,12,45,97,2780.47,24.958212167700868,False,True
SKU_00051,Montblanc,Montblanc Product 51,women,Vendor D,B,91.77,41.3291,21,12,12,11.8579,9.0923,52,1,36,51,2107.78,4.385262145911164,False,False
SKU_00052,Armaf,Armaf Product 52,men,Vendor B,A,46.25,13.3574,28,24,12,0.6867,0.4407,18,14,21,4,53.43,26.212319790301443,False,True
SKU_00053,Montblanc,Montblanc Product 53,women,Vendor C,C,108.12,35.9548,35,24,6,5.7038,2.6042,115,2,39,113,4062.89,20.16199726498124,False,True
SKU_00054,Versace,Versace Product 54,men,Vendor D,C,76.13,22.1992,21,24,12,10.1905,4.7481,109,6,38,103,2286.52,10.696236691035768,False,False
SKU_00055,Kenneth Cole,Kenneth Cole Product 55,women,Vendor C,C,25.61,8.5808,35,12,12,4.2249,1.8314,5,3,33,2,17.16,1.1834599635494332,True,False
SKU_00056,Lacoste,Lacoste Product 56,unisex,Vendor C,C,27.52,12.4506,42,48,12,6.0177,2.1725,108,12,30,96,1195.26,17.947056184256446,False,True
SKU_00057,Unbranded,Unbranded Product 57,women,Vendor B,C,86.85,45.4311,28,72,6,11.7475,5.7459,113,5,6,108,4906.56,9.619067886784421,False,False
SKU_00058,Kenneth Cole,Kenneth Cole Product 58,women,Vendor A,C,30.68,9.534,28,24,12,5.9611,2.5648,99,11,15,88,838.99,16.607673080471724,False,True
SKU_00059,Montblanc,Montblanc Product 59,women,Vendor B,A,66.79,27.5591,14,24,12,2.0056,1.0806,30,1,31,29,799.21,14.958117271639411,False,True
SKU_00060,Montblanc,Montblanc Product 60,men,Vendor D,A,119.11,54.8403,42,48,6,1.0948,0.8033,75,6,8,69,3783.98,68.50566313481914,False,True
SKU_00061,Lacoste,Lacoste Product 61,men,Vendor C,C,12.43,6.6609,28,72,12,11.3723,9.0609,64,13,28,51,339.71,5.6277094343272696,False,False
SKU_00062,Calvin Klein,Calvin Klein Product 62,men,Vendor B,C,13.79,5.9713,42,24,12,3.5568,0.7156,74,13,7,61,364.25,20.805218173639226,False,True
SKU_00063,Armaf,Armaf Product 63,men,Vendor D,C,119.25,38.939,28,48,12,6.2967,2.519,73,3,47,70,2725.73,11.593374307176774,False,False
SKU_00064,Ralph Lauren,Ralph Lauren Product 64,women,Vendor D,C,75.14,32.8845,14,72,12,1.5431,0.4127,76,5,6,71,2334.8,49.251506707277564,False,True
SKU_00065,Kenneth Cole,Kenneth Cole Product 65,women,Vendor D,C,25.71,8.8994,14,48,24,5.372,2.0353,61,6,5,55,489.47,11.355174981384959,False,False
SKU_00066,Ralph Lauren,Ralph Lauren Product 66,women,Vendor B,C,108.91,59.1205,28,24,12,11.1962,3.7715,82,8,38,74,4374.92,7.323913470641825,False,False
SKU_00067,Ralph Lauren,Ralph Lauren Product 67,men,Vendor C,C,107.08,39.6092,28,12,24,6.2777,1.6539,63,8,13,55,2178.51,10.035522563996368,False,False
SKU_00068,Ralph Lauren,Ralph Lauren Product 68,women,Vendor C,C,69.91,31.853,14,12,12,11.6681,7.5452,1,1,21,0,0.0,0.08570375639564282,True,False
SKU_00069,Unbranded,Unbranded Product 69,men,Vendor B,A,79.15,20.339,35,24,12,3.4766,1.643,4,11,18,0,0.0,1.1505493873324513,True,False
SKU_00070,Lacoste,Lacoste Product 70,men,Vendor B,C,41.5,15.3558,35,24,12,6.3023,4.711,114,3,12,111,1704.49,18.08863430810974,False,True
SKU_00071,Kenneth Cole,Kenneth Cole Product 71,women,Vendor A,B,17.46,8.9488,28,24,24,10.3846,1.7777,109,4,45,105,939.62,10.49631184638792,False,False
SKU_00072,Armaf,Armaf Product 72,unisex,Vendor B,C,76.21,33.0041,28,24,12,5.6549,1.0944,70,12,41,58,1914.24,12.378645068878319,False,True
SKU_00073,Versace,Versace Product 73,women,Vendor C,C,43.83,16.7949,14,24,12,3.7141,1.5307,20,10,14,10,167.95,5.384884628846827,False,False
SKU_00074,Calvin Klein,Calvin Klein Product 74,men,Vendor D,C,83.67,44.4105,35,48,12,10.338,2.0901,93,5,41,88,3908.12,8.995937318630297,False,False
SKU_00075,Calvin Klein,Calvin Klein Product 75,women,Vendor D,A,102.31,51.7888,28,12,12,4.9837,1.5986,17,13,42,4,207.16,3.4111202520215906,False,False
SKU_00076,Versace,Versace Product 76,men,Vendor A,C,13.96,4.8394,35,12,6,6.6033,5.2227,45,5,32,40,193.58,6.814774430966335,False,False
SKU_00077,Kenneth Cole,Kenneth Cole Product 77,women,Vendor C,C,76.34,31.5562,28,48,12,11.7301,3.3527,39,8,34,31,978.24,3.324779839899063,False,False
SKU_00078,Lacoste,Lacoste Product 78,women,Vendor A,C,36.98,14.6791,28,48,12,2.6446,0.7373,1,3,56,0,0.0,0.3781290176208122,True,False
SKU_00079,Kenneth Cole,Kenneth Cole Product 79,men,Vendor C,C,106.38,46.7711,21,72,24,3.9661,2.0737,96,2,27,94,4396.48,24.20513854920451,False,True
SKU_00080,Calvin Klein,Calvin Klein Product 80,men,Vendor B,C,39.4,13.7992,21,48,12,0.8573,0.4061,61,7,23,54,745.16,71.15362183599674,False,True
SKU_00081,Calvin Klein,Calvin Klein Product 81,men,Vendor B,C,77.96,25.2015,35,48,12,5.0061,2.6396,37,8,32,29,730.84,7.390983000739098,False,False
SKU_00082,Montblanc,Montblanc Product 82,unisex,Vendor C,C,71.78,37.5985,28,24,24,2.8021,1.1065,60,12,50,48,1804.73,21.412512044538026,False,True
SKU_00083,Calvin Klein,Calvin Klein Product 83,men,Vendor B,C,54.79,28.8832,28,24,12,8.3204,5.7194,0,5,42,0,0.0,0.0,True,False
SKU_00084,Calvin Klein,Calvin Klein Product 84,women,Vendor D,A,85.18,42.8453,42,12,6,2.5852,0.6206,52,13,4,39,1670.97,20.114497911186756,False,True
SKU_00085,Armaf,Armaf Product 85,women,Vendor C,A,90.38,49.118,42,24,12,8.2603,3.5392,62,9,27,53,2603.25,7.5057806617193075,False,False
SKU_00086,Kenneth Cole,Kenneth Cole Product 86,women,Vendor D,A,73.23,34.6742,35,72,6,3.53,2.1122,40,1,44,39,1352.29,11.3314447592068,False,False
SKU_00087,Unbranded,Unbranded Product 87,men,Vendor C,C,93.91,45.0205,21,24,6,4.585,3.2753,99,11,13,88,3961.8,21.59214830970556,False,True
SKU_00088,Calvin Klein,Calvin Klein Product 88,unisex,Vendor B,C,118.21,56.5962,28,24,12,4.5119,1.7606,29,8,59,21,1188.52,6.427447416831047,False,False
SKU_00089,Montblanc,Montblanc Product 89,men,Vendor D,A,57.28,22.5788,35,12,24,8.7426,4.5377,16,5,48,11,248.37,1.8301191865120217,True,False
SKU_00090,Montblanc,Montblanc Product 90,women,Vendor B,C,67.57,26.1452,28,12,12,5.8649,1.1433,63,7,50,56,1464.13,10.7418711316476,False,False
SKU_00091,Montblanc,Montblanc Product 91,women,Vendor C,A,13.35,4.2996,14,12,6,4.6549,1.2136,106,4,4,102,438.56,22.77170293669037,False,True
SKU_00092,Kenneth Cole,Kenneth Cole Product 92,women,Vendor A,C,97.97,43.4444,35,12,12,10.3052,2.0089,45,9,34,36,1564.0,4.3667274773900555,False,False
SKU_00093,Ralph Lauren,Ralph Lauren Product 93,unisex,Vendor A,C,68.18,22.9628,28,72,6,7.0774,4.4101,5,8,31,0,0.0,0.706474128917399,True,False
SKU_00094,Kenneth Cole,Kenneth Cole Product 94,men,Vendor C,C,56.06,18.3508,28,24,24,2.9591,0.9979,116,6,37,110,2018.59,39.20110844513535,False,True
SKU_00095,Versace,Versace Product 95,men,Vendor A,C,22.16,9.4355,42,48,6,10.851,6.7323,53,4,51,49,462.34,4.8843424569164124,False,False
SKU_00096,Montblanc,Montblanc Product 96,men,Vendor D,C,108.08,40.3133,28,48,12,4.4405,0.8577,20,5,21,15,604.7,4.503997297601622,False,False
SKU_00097,Lacoste,Lacoste Product 97,men,Vendor D,C,54.66,17.2538,28,12,12,0.9483,0.6739,73,7,32,66,1138.75,76.97985869450595,False,True
SKU_00098,Montblanc,Montblanc Product 98,men,Vendor C,A,85.72,42.4157,28,12,12,6.1879,4.2888,38,7,40,31,1314.89,6.141017146366296,False,False
SKU_00099,Unbranded,Unbranded Product 99,men,Vendor C,A,28.13,14.2948,28,48,12,1.9253,0.4001,112,4,45,108,1543.84,58.17275229834311,False,True
SKU_00100,Unbranded,Unbranded Product 100,men,Vendor C,C,115.85,34.7909,14,12,24,3.2424,0.5364,35,8,46,27,939.35,10.79447322970639,False,False
SKU_00101,Lacoste,Lacoste Product 101,men,Vendor A,C,31.27,7.8879,35,72,12,9.0918,1.6964,66,3,20,63,496.94,7.259288589718208,False,False
SKU_00102,Montblanc,Montblanc Product 102,men,Vendor B,C,33.55,11.7706,35,12,24,2.0036,1.4123,65,7,59,58,682.69,32.44160511080056,False,True
SKU_00103,Unbranded,Unbranded Product 103,women,Vendor B,C,104.77,51.2591,21,48,12,9.7799,2.959,29,1,0,28,1435.25,2.9652654935122036,False,False
SKU_00104,Ralph Lauren,Ralph Lauren Product 104,women,Vendor D,C,110.56,55.4737,28,48,24,11.2744,5.7091,59,7,29,52,2884.63,5.233094444050238,False,False
SKU_00105,Montblanc,Montblanc Product 105,men,Vendor A,C,34.91,10.1762,35,12,24,7.4751,3.1923,13,11,36,2,20.35,1.739107169134861,True,False
SKU_00106,Lacoste,Lacoste Product 106,men,Vendor B,C,62.74,30.2596,14,12,24,8.6691,5.7831,77,12,3,65,1966.87,8.882121558177897,False,False
SKU_00107,Versace,Versace Product 107,men,Vendor B,C,91.22,25.9714,28,72,12,8.7062,4.0726,90,10,27,80,2077.71,10.337460660219152,False,False
SKU_00108,Lacoste,Lacoste Product 108,women,Vendor A,C,106.86,39.2196,28,12,12,11.9173,5.6658,114,11,35,103,4039.62,9.56592516761347,False,False
SKU_00109,Kenneth Cole,Kenneth Cole Product 109,men,Vendor A,A,52.94,29.0949,28,24,12,4.4277,3.5108,39,0,36,39,1134.7,8.808184836371028,False,False
SKU_00110,Montblanc,Montblanc Product 110,men,Vendor B,C,67.84,20.8796,21,24,12,2.3729,0.5875,34,5,7,29,605.51,14.328458847823338,False,True
SKU_00111,Montblanc,Montblanc Product 111,men,Vendor A,C,92.11,27.282,28,12,12,6.4704,4.4643,65,9,16,56,1527.79,10.045746785361029,False,False
SKU_00112,Armaf,Armaf Product 112,men,Vendor A,B,90.96,34.2774,28,48,24,6.6324,1.218,83,12,14,71,2433.7,12.514323623424403,False,True
SKU_00113,Montblanc,Montblanc Product 113,men,Vendor B,C,96.56,42.0906,28,48,24,2.546,1.1724,119,8,38,111,4672.06,46.739984289080915,False,True
SKU_00114,Armaf,Armaf Product 114,women,Vendor A,C,73.55,38.972,14,24,12,7.5508,5.4828,3,12,19,0,0.0,0.39730889442178313,True,False
SKU_00115,Unbranded,Unbranded Product 115,women,Vendor C,B,23.3,12.6809,28,48,12,0.6624,0.3858,28,4,34,24,304.34,42.270531400966185,False,True
SKU_00116,Unbranded,Unbranded Product 116,women,Vendor A,C,109.63,29.6979,28,12,24,11.1682,6.6494,31,2,43,29,861.24,2.7757382568363744,False,False
SKU_00117,Ralph Lauren,Ralph Lauren Product 117,women,Vendor B,C,105.48,30.7368,21,12,24,3.5426,1.1377,30,1,47,29,891.37,8.468356574267487,False,False
SKU_00118,Versace,Versace Product 118,women,Vendor B,C,98.19,47.8403,21,24,12,0.9549,0.403,55,8,11,47,2248.49,57.59765420462876,False,True
SKU_00119,Calvin Klein,Calvin Klein Product 119,men,Vendor D,C,22.79,7.5478,21,72,12,1.7449,0.6775,104,9,54,95,717.04,59.602269471029864,False,True
SKU_00120,Ralph Lauren,Ralph Lauren Product 120,women,Vendor C,C,34.07,17.5615,28,12,24,3.2629,1.5954,3,4,9,0,0.0,0.9194275031413772,True,False
SKU_00121,Armaf,Armaf Product 121,men,Vendor D,C,92.31,41.4505,14,12,12,3.6499,1.6441,97,11,1,86,3564.74,26.576070577276088,False,True
SKU_00122,Armaf,Armaf Product 122,men,Vendor B,C,14.5,4.1115,42,24,12,0.8773,0.318,74,11,2,63,259.02,84.34970933546107,False,True
SKU_00123,Ralph Lauren,Ralph Lauren Product 123,women,Vendor B,A,117.76,58.8516,28,48,24,3.7126,1.2941,73,5,12,68,4001.91,19.662770026396593,False,True
SKU_00124,Armaf,Armaf Product 124,men,Vendor B,C,52.73,15.9723,35,12,24,2.7188,0.8511,81,3,52,78,1245.84,29.792555539208475,False,True
SKU_00125,Lacoste,Lacoste Product 125,men,Vendor D,A,89.69,33.8175,42,24,24,4.8541,1.8799,13,11,12,2,67.64,2.6781483694196657,False,False
SKU_00126,Ralph Lauren,Ralph Lauren Product 126,women,Vendor D,C,107.86,44.8326,14,48,24,4.9294,1.2198,89,10,41,79,3541.78,18.054935691970623,False,True
SKU_00127,Versace,Versace Product 127,women,Vendor D,C,54.62,21.8606,28,24,12,4.3986,3.1532,29,2,25,27,590.24,6.593006865820943,False,False
SKU_00128,Versace,Versace Product 128,unisex,Vendor D,A,46.47,21.1833,35,12,12,4.2711,2.3123,61,3,2,58,1228.63,14.282035072932032,False,True
SKU_00129,Lacoste,Lacoste Product 129,men,Vendor C,A,77.74,34.657,28,12,12,1.5319,0.363,81,7,26,74,2564.62,52.875514067497875,False,True
SKU_00130,Versace,Versace Product 130,men,Vendor C,C,74.75,40.934,28,24,12,0.7899,0.4747,72,7,1,65,2660.71,91.15077857956703,False,True
SKU_00131,Unbranded,Unbranded Product 131,women,Vendor D,B,56.19,30.8948,28,24,12,2.8243,1.9798,38,2,28,36,1112.21,13.454661332011472,False,True
SKU_00132,Versace,Versace Product 132,men,Vendor B,C,76.99,31.1762,14,48,12,9.2015,2.8009,47,14,33,33,1028.81,5.107862848448623,False,False
SKU_00133,Armaf,Armaf Product 133,women,Vendor B,C,113.02,31.4828,28,24,12,11.8943,2.9485,57,5,31,52,1637.11,4.792211395374255,False,False
SKU_00134,Armaf,Armaf Product 134,men,Vendor D,C,62.51,29.2767,42,48,12,11.1781,1.7393,4,5,16,0,0.0,0.3578425671625768,True,False
SKU_00135,Ralph Lauren,Ralph Lauren Product 135,men,Vendor B,C,33.25,18.0547,42,72,12,6.2985,1.1382,87,0,45,87,1570.76,13.812812574422482,False,True
SKU_00136,Unbranded,Unbranded Product 136,men,Vendor A,A,52.74,18.2216,14,24,12,6.616,4.2704,11,13,35,0,0.0,1.6626360338573156,True,False
SKU_00137,Ralph Lauren,Ralph Lauren Product 137,women,Vendor C,C,54.56,21.1891,35,24,6,4.1177,3.2599,55,3,15,52,1101.83,13.356971124656969,False,True
SKU_00138,Versace,Versace Product 138,men,Vendor B,C,26.16,9.8736,28,72,6,9.4003,1.6843,78,14,26,64,631.91,8.297607523164155,False,False
SKU_00139,Montblanc,Montblanc Product 139,men,Vendor D,C,29.59,7.8539,42,12,24,9.2947,5.9137,9,7,6,2,15.71,0.9682937588087834,True,False
SKU_00140,Kenneth Cole,Kenneth Cole Product 140,men,Vendor D,A,85.93,38.8128,14,48,12,10.2091,2.0082,119,13,55,106,4114.16,11.656267447669237,False,False
SKU_00141,Unbranded,Unbranded Product 141,men,Vendor B,C,48.66,17.323,42,48,12,10.7983,5.7759,45,2,45,43,744.89,4.167322634118333,False,False
SKU_00142,Kenneth Cole,Kenneth Cole Product 142,men,Vendor C,C,115.13,55.9807,35,12,24,5.495,3.5248,1,2,17,0,0.0,0.18198362147406733,True,False
SKU_00143,Montblanc,Montblanc Product 143,women,Vendor D,C,38.31,19.1411,14,24,12,9.3191,3.5737,79,12,40,67,1282.45,8.477213464819563,False,False
SKU_00144,Armaf,Armaf Product 144,men,Vendor C,C,22.68,11.2577,14,12,6,9.7736,1.5355,66,12,40,54,607.92,6.75288532372923,False,False
SKU_00145,Montblanc,Montblanc Product 145,women,Vendor A,C,93.38,35.0175,35,12,12,4.0473,2.1729,76,8,36,68,2381.19,18.777950732587158,False,True
SKU_00146,Versace,Versace Product 146,women,Vendor C,C,107.15,37.1236,21,24,6,11.1863,8.8854,90,0,3,90,3341.12,8.045555724412898,False,False
SKU_00147,Armaf,Armaf Product 147,men,Vendor C,C,42.04,19.9541,28,12,12,1.5849,0.5031,57,14,52,43,858.03,35.964414158622,False,True
SKU_00148,Lacoste,Lacoste Product 148,men,Vendor C,C,33.83,16.5908,42,48,12,11.9341,3.26,99,5,57,94,1559.54,8.295556430732104,False,False
SKU_00149,Kenneth Cole,Kenneth Cole Product 149,women,Vendor A,C,32.06,12.7399,28,72,6,9.356,2.157,44,14,58,30,382.2,4.7028644719965795,False,False
SKU_00150,Montblanc,Montblanc Product 150,men,Vendor B,A,68.38,35.4146,28,48,6,1.5726,0.8035,65,13,58,52,1841.56,41.332824621645685,False,True
SKU_00151,Armaf,Armaf Product 151,men,Vendor D,C,62.59,18.3497,28,12,12,8.0466,4.3266,19,12,55,7,128.45,2.361245743543857,False,False
SKU_00152,Unbranded,Unbranded Product 152,unisex,Vendor A,C,40.02,20.5591,14,12,6,0.8931,0.5939,74,10,44,64,1315.78,82.85746277012653,False,True
SKU_00153,Ralph Lauren,Ralph Lauren Product 153,unisex,Vendor B,A,16.88,4.7066,42,12,24,9.3571,5.9838,31,10,3,21,98.84,3.312992273247053,False,False
SKU_00154,Montblanc,Montblanc Product 154,women,Vendor B,C,64.0,18.9477,28,12,6,9.6911,7.076,83,7,27,76,1440.03,8.564559234761791,False,False
SKU_00155,Lacoste,Lacoste Product 155,men,Vendor A,A,115.61,47.4177,21,72,12,7.4277,5.0044,96,0,14,96,4552.1,12.924593077264834,False,True
SKU_00156,Lacoste,Lacoste Product 156,women,Vendor A,C,82.47,22.288,21,24,12,10.3539,3.2172,103,5,13,98,2184.22,9.94794232125093,False,False
SKU_00157,Montblanc,Montblanc Product 157,women,Vendor B,C,65.51,17.4153,42,12,12,1.6257,0.8313,111,10,49,101,1758.95,68.27828012548441,False,True
SKU_00158,Unbranded,Unbranded Product 158,men,Vendor D,C,23.95,5.9912,14,48,6,3.6731,1.261,14,12,48,2,11.98,3.8114943780457926,False,False
SKU_00159,Calvin Klein,Calvin Klein Product 159,women,Vendor A,C,39.26,14.9539,35,24,24,5.263,1.9176,16,8,31,8,119.63,3.040091202736082,False,False
SKU_00160,Versace,Versace Product 160,men,Vendor B,C,43.84,21.1479,35,12,24,0.9883,0.7469,111,10,44,101,2135.94,112.31407467368209,False,True
SKU_00161,Ralph Lauren,Ralph Lauren Product 161,men,Vendor A,A,94.6,24.6387,35,12,6,5.6545,3.3544,45,0,7,45,1108.74,7.958263330091079,False,False
SKU_00162,Unbranded,Unbranded Product 162,men,Vendor C,C,106.68,47.5449,42,24,6,3.55,2.7814,3,7,13,0,0.0,0.8450704225352114,True,False
SKU_00163,Calvin Klein,Calvin Klein Product 163,men,Vendor B,C,109.38,54.3551,35,48,24,5.0165,2.1119,34,7,51,27,1467.59,6.777633808432174,False,False
SKU_00164,Ralph Lauren,Ralph Lauren Product 164,men,Vendor D,A,118.33,35.5464,42,12,12,5.3887,2.6908,100,13,27,87,3092.54,18.557351494794663,False,True
SKU_00165,Lacoste,Lacoste Product 165,women,Vendor C,C,118.1,34.7284,21,72,6,10.6132,4.9524,42,4,32,38,1319.68,3.957336147439038,False,False
SKU_00166,Unbranded,Unbranded Product 166,unisex,Vendor D,C,114.92,58.407,35,48,12,3.6089,0.793,9,3,27,6,350.44,2.4938346864695613,False,False
SKU_00167,Lacoste,Lacoste Product 167,women,Vendor C,C,19.76,9.8195,28,48,12,10.778,3.275,86,5,12,81,795.38,7.979216923362404,False,False
SKU_00168,Montblanc,Montblanc Product 168,women,Vendor B,C,26.88,11.066,28,12,12,5.3987,2.6614,23,2,49,21,232.39,4.260284883397855,False,False
SKU_00169,Kenneth Cole,Kenneth Cole Product 169,unisex,Vendor D,C,44.88,22.2497,35,12,12,4.2698,0.8275,42,8,45,34,756.49,9.836526300997704,False,False
SKU_00170,Ralph Lauren,Ralph Lauren Product 170,men,Vendor B,C,71.71,19.923,42,48,24,6.2789,4.7434,0,9,41,0,0.0,0.0,True,False
SKU_00171,Kenneth Cole,Kenneth Cole Product 171,men,Vendor D,C,22.47,8.2767,35,24,12,5.304,1.2226,72,12,21,60,496.6,13.574660633484163,False,True
SKU_00172,Lacoste,Lacoste Product 172,men,Vendor D,C,103.35,48.7129,28,24,12,3.4598,0.9642,53,14,38,39,1899.8,15.3188045551766,False,True
SKU_00173,Unbranded,Unbranded Product 173,men,Vendor C,C,78.61,25.724,28,48,12,6.2808,4.0666,104,1,57,103,2649.57,16.558400203795696,False,True
SKU_00174,Calvin Klein,Calvin Klein Product 174,women,Vendor C,C,70.58,33.5748,28,12,12,2.2457,0.4784,40,3,38,37,1242.27,17.81181814133678,False,True
SKU_00175,Lacoste,Lacoste Product 175,men,Vendor B,A,29.85,11.9774,28,48,12,4.5472,3.343,24,4,29,20,239.55,5.277973258268824,False,False
SKU_00176,Unbranded,Unbranded Product 176,men,Vendor D,A,39.35,18.6944,28,72,6,7.0066,4.356,19,3,16,16,299.11,2.7117289412839325,False,False
SKU_00177,Lacoste,Lacoste Product 177,men,Vendor C,C,29.31,11.4134,14,48,12,5.2542,1.0225,24,12,31,12,136.96,4.567774351947014,False,False
SKU_00178,Calvin Klein,Calvin Klein Product 178,men,Vendor D,C,104.01,37.4822,14,24,12,9.975,5.982,54,2,22,52,1949.07,5.413533834586467,False,False
SKU_00179,Lacoste,Lacoste Product 179,unisex,Vendor B,C,75.1,23.7133,35,48,6,3.4523,1.9352,10,0,36,10,237.13,2.8966196448744315,False,False
SKU_00180,Kenneth Cole,Kenneth Cole Product 180,men,Vendor D,C,91.39,28.5606,28,24,12,11.6524,7.4841,48,12,2,36,1028.18,4.119323057910816,False,False
SKU_00181,Unbranded,Unbranded Product 181,men,Vendor B,C,43.97,20.9054,42,48,12,9.5243,6.5558,102,14,11,88,1839.68,10.709448463404135,False,False
SKU_00182,Ralph Lauren,Ralph Lauren Product 182,men,Vendor A,C,52.1,14.8836,28,48,12,11.6273,7.1732,92,3,47,89,1324.64,7.91241302796006,False,False
SKU_00183,Kenneth Cole,Kenneth Cole Product 183,men,Vendor A,C,55.72,15.3673,14,48,24,10.1386,5.3837,76,4,22,72,1106.45,7.496103998579685,False,False
SKU_00184,Kenneth Cole,Kenneth Cole Product 184,women,Vendor C,C,94.08,28.4956,21,12,24,2.1342,0.7675,107,7,25,100,2849.56,50.135882297816515,False,True
SKU_00185,Ralph Lauren,Ralph Lauren Product 185,men,Vendor B,C,95.41,28.8714,21,12,12,6.5543,3.9537,93,7,32,86,2482.94,14.189158262514686,False,True
SKU_00186,Montblanc,Montblanc Product 186,men,Vendor A,C,34.34,17.0647,42,12,6,2.4548,1.8952,78,14,26,64,1092.14,31.774482646244092,False,True
SKU_00187,Armaf,Armaf Product 187,men,Vendor B,C,113.69,42.0144,21,24,12,9.9096,5.2708,103,6,45,97,4075.4,10.393961411156859,False,False
SKU_00188,Lacoste,Lacoste Product 188,women,Vendor C,A,25.03,13.6943,28,24,12,7.2179,4.1995,14,0,14,14,191.72,1.9396223278238822,True,False
SKU_00189,Armaf,Armaf Product 189,women,Vendor B,C,108.78,31.6728,42,24,12,3.5297,1.5324,98,6,45,92,2913.9,27.76439924072867,False,True
SKU_00190,Montblanc,Montblanc Product 190,women,Vendor D,C,22.84,10.1881,42,24,6,11.1904,7.1784,35,8,12,27,275.08,3.1276808693165568,False,False
SKU_00191,Kenneth Cole,Kenneth Cole Product 191,women,Vendor D,C,40.57,15.604,21,48,12,1.8246,1.4569,87,7,22,80,1248.32,47.68168365669188,False,True
SKU_00192,Montblanc,Montblanc Product 192,women,Vendor C,C,103.42,38.0457,14,72,12,6.9844,1.7758,109,7,35,102,3880.66,15.606208120955271,False,True
SKU_00193,Kenneth Cole,Kenneth Cole Product 193,men,Vendor D,A,31.39,16.0882,21,12,12,8.792,2.4755,59,13,53,46,740.06,6.710646041856233,False,False
SKU_00194,Kenneth Cole,Kenneth Cole Product 194,men,Vendor B,C,56.67,30.7536,14,48,6,1.1768,0.5891,10,12,13,0,0.0,8.497620666213459,False,False
SKU_00195,Calvin Klein,Calvin Klein Product 195,men,Vendor A,A,60.58,31.0083,21,48,24,7.3753,3.414,44,3,35,41,1271.34,5.965859015904438,False,False
SKU_00196,Versace,Versace Product 196,men,Vendor A,B,38.49,11.843,28,24,24,9.8829,5.1541,48,5,3,43,509.25,4.856873994475306,False,False
SKU_00197,Unbranded,Unbranded Product 197,women,Vendor D,C,88.71,28.0536,42,12,12,1.2766,0.2322,112,10,4,102,2861.47,87.7330408898637,False,True
SKU_00198,Lacoste,Lacoste Product 198,men,Vendor D,C,103.94,46.4427,28,48,24,6.3908,2.638,113,6,46,107,4969.37,17.68166739688302,False,True
SKU_00199,Calvin Klein,Calvin Klein Product 199,women,Vendor C,B,106.45,35.8444,28,72,6,3.4734,1.8372,68,6,43,62,2222.35,19.577359359705188,False,True
SKU_00200,Calvin Klein,Calvin Klein Product 200,women,Vendor A,C,48.65,22.8858,21,48,24,8.1236,4.3085,114,2,22,112,2563.21,14.033187256881186,False,True
SKU_00201,Lacoste,Lacoste Product 201,men,Vendor B,C,69.33,29.1135,35,72,24,1.8648,1.0765,52,3,37,49,1426.56,27.885027885027885,False,True
SKU_00202,Lacoste,Lacoste Product 202,unisex,Vendor A,C,38.83,16.125,28,72,6,11.2761,6.9702,49,11,22,38,612.75,4.345474055746225,False,False
SKU_00203,Ralph Lauren,Ralph Lauren Product 203,women,Vendor A,C,38.44,19.1648,35,24,24,10.7894,6.1177,100,12,16,88,1686.5,9.268355979016441,False,False
SKU_00204,Ralph Lauren,Ralph Lauren Product 204,women,Vendor A,A,29.42,13.6262,42,24,24,2.6387,1.7512,80,11,25,69,940.21,30.31795960131883,False,True
SKU_00205,Ralph Lauren,Ralph Lauren Product 205,men,Vendor C,A,113.52,29.2851,28,24,24,4.2176,2.3454,62,4,18,58,1698.54,14.700303490136571,False,True
SKU_00206,Lacoste,Lacoste Product 206,men,Vendor A,B,107.9,28.576,14,72,24,7.2578,3.6244,54,2,48,52,1485.95,7.440271156548817,False,False
SKU_00207,Calvin Klein,Calvin Klein Product 207,men,Vendor D,A,95.95,41.3034,21,12,12,8.7577,4.7644,84,2,24,82,3386.88,9.59155942770362,False,False
SKU_00208,Lacoste,Lacoste Product 208,men,Vendor B,C,67.91,26.8827,28,24,6,5.5905,1.2063,90,5,19,85,2285.03,16.098738932116987,False,True
SKU_00209,Armaf,Armaf Product 209,men,Vendor B,A,64.99,21.3203,42,48,24,2.2974,0.7525,58,7,32,51,1087.34,25.245930181944807,False,True
SKU_00210,Armaf,Armaf Product 210,unisex,Vendor C,C,69.21,25.9951,28,12,12,1.6977,0.8366,3,13,45,0,0.0,1.7670966601873122,True,False
SKU_00211,Unbranded,Unbranded Product 211,women,Vendor D,C,69.95,33.3922,35,48,12,11.9973,8.6074,12,13,16,0,0.0,1.0002250506363932,True,False
SKU_00212,Lacoste,Lacoste Product 212,men,Vendor B,C,58.93,29.3462,28,24,12,5.7365,3.3925,17,0,56,17,498.89,2.9634794735465873,False,False
SKU_00213,Unbranded,Unbranded Product 213,men,Vendor A,B,26.23,10.9738,21,72,12,10.5341,2.1992,55,10,27,45,493.82,5.221138967733361,False,False
SKU_00214,Montblanc,Montblanc Product 214,men,Vendor A,C,25.57,9.3487,28,48,6,6.0473,3.2352,73,4,39,69,645.06,12.071502984803136,False,True
SKU_00215,Kenneth Cole,Kenneth Cole Product 215,men,Vendor D,C,114.84,38.036,28,24,12,11.1071,3.2669,96,2,57,94,3575.38,8.643120166380063,False,False
SKU_00216,Montblanc,Montblanc Product 216,unisex,Vendor A,C,64.06,26.0452,28,48,6,1.5092,0.9464,27,8,25,19,494.86,17.890272992313808,False,True
SKU_00217,Lacoste,Lacoste Product 217,men,Vendor C,A,114.95,39.5916,28,24,12,1.8112,1.2458,94,0,11,94,3721.61,51.899293286219084,False,True
SKU_00218,Armaf,Armaf Product 218,men,Vendor B,A,29.67,12.4385,21,24,24,11.1908,5.9954,79,5,44,74,920.45,7.059370196947493,False,False
SKU_00219,Ralph Lauren,Ralph Lauren Product 219,women,Vendor D,C,71.88,32.5613,35,48,12,11.3962,6.09,6,8,0,0,0.0,0.5264912865692073,True,False
SKU_00220,Lacoste,Lacoste Product 220,men,Vendor A,C,34.43,9.29,21,48,12,4.1193,1.5245,42,4,27,38,353.02,10.195907071589833,False,False
SKU_00221,Ralph Lauren,Ralph Lauren Product 221,men,Vendor D,C,39.34,9.8476,42,12,12,4.5844,2.0174,36,8,58,28,275.73,7.852717912922084,False,False
SKU_00222,Kenneth Cole,Kenneth Cole Product 222,women,Vendor C,C,15.25,4.7837,21,12,24,5.7032,4.0588,106,6,24,100,478.37,18.58605695048394,False,True
SKU_00223,Montblanc,Montblanc Product 223,women,Vendor B,C,24.85,12.8811,14,48,12,5.2859,3.2781,110,11,41,99,1275.23,20.81007964585028,False,True
SKU_00224,Calvin Klein,Calvin Klein Product 224,unisex,Vendor A,C,111.02,49.2804,28,24,12,2.6855,1.3101,98,2,31,96,4730.92,36.49227331967976,False,True
SKU_00225,Montblanc,Montblanc Product 225,women,Vendor D,C,46.73,14.0932,28,24,6,10.8313,4.2172,63,0,12,63,887.87,5.816476323248363,False,False
SKU_00226,Calvin Klein,Calvin Klein Product 226,men,Vendor B,C,77.68,40.1667,28,12,12,3.413,0.6237,59,7,19,52,2088.67,17.286844418400236,False,True
SKU_00227,Unbranded,Unbranded Product 227,women,Vendor B,A,62.22,24.3272,28,24,12,8.6106,2.092,37,3,31,34,827.12,4.297029243026038,False,False
SKU_00228,Calvin Klein,Calvin Klein Product 228,unisex,Vendor B,C,55.25,21.7037,42,48,24,1.2723,0.3505,92,10,6,82,1779.7,72.30998978228405,False,True
SKU_00229,Armaf,Armaf Product 229,women,Vendor A,C,69.44,36.8492,28,12,12,0.9456,0.3713,10,1,24,9,331.64,10.575296108291033,False,False
SKU_00230,Unbranded,Unbranded Product 230,unisex,Vendor B,A,32.22,8.63,28,24,12,8.0179,6.1232,32,8,24,24,207.12,3.9910699809176973,False,False
SKU_00231,Unbranded,Unbranded Product 231,women,Vendor A,A,118.77,37.3595,28,72,24,4.3987,2.1041,16,14,50,2,74.72,3.6374383340532432,False,False
SKU_00232,Armaf,Armaf Product 232,women,Vendor A,C,100.38,42.7349,14,12,12,8.0378,2.4326,59,1,7,58,2478.62,7.340317002164771,False,False
SKU_00233,Kenneth Cole,Kenneth Cole Product 233,men,Vendor B,C,92.09,28.4232,28,48,24,1.5812,0.3459,35,4,50,31,881.12,22.135087275486974,False,True
SKU_00234,Montblanc,Montblanc Product 234,women,Vendor A,C,62.63,28.4251,21,12,12,11.4233,4.2255,23,12,24,11,312.68,2.0134286939851007,False,False
SKU_00235,Ralph Lauren,Ralph Lauren Product 235,men,Vendor B,C,28.51,8.9586,28,48,12,9.1079,6.1954,45,8,39,37,331.47,4.940765708890084,False,False
SKU_00236,Unbranded,Unbranded Product 236,women,Vendor D,C,111.43,31.1722,14,48,24,10.5771,4.2221,103,2,33,101,3148.39,9.738018927683392,False,False
SKU_00237,Unbranded,Unbranded Product 237,women,Vendor A,C,48.87,15.2521,42,48,12,2.0694,1.3495,66,3,17,63,960.88,31.893302406494637,False,True
SKU_00238,Versace,Versace Product 238,unisex,Vendor A,C,17.41,6.5604,28,12,12,4.1819,2.8092,98,11,55,87,570.75,23.434324111050003,False,True
SKU_00239,Unbranded,Unbranded Product 239,unisex,Vendor A,A,48.98,14.8332,35,24,24,4.736,1.0516,109,12,13,97,1438.82,23.015202702702705,False,True
SKU_00240,Kenneth Cole,Kenneth Cole Product 240,men,Vendor C,A,97.8,28.4019,28,48,6,6.6775,3.6434,108,5,2,103,2925.4,16.173717708723323,False,True
SKU_00241,Montblanc,Montblanc Product 241,women,Vendor B,C,79.25,40.2657,14,12,6,3.914,3.0271,42,7,45,35,1409.3,10.730710270822687,False,False
SKU_00242,Montblanc,Montblanc Product 242,women,Vendor B,C,93.09,32.2202,35,12,12,1.1973,0.4926,105,11,37,94,3028.7,87.69731896767728,False,True
SKU_00243,Unbranded,Unbranded Product 243,men,Vendor A,C,97.71,35.0024,28,12,12,4.7421,0.8683,109,2,53,107,3745.26,22.985597098331965,False,True
SKU_00244,Versace,Versace Product 244,men,Vendor B,C,34.89,9.301,35,72,6,3.4273,2.571,115,3,27,112,1041.71,33.55410964899484,False,True
SKU_00245,Montblanc,Montblanc Product 245,men,Vendor B,C,111.77,39.9255,28,48,12,4.9381,3.5771,42,11,1,31,1237.69,8.505295559020675,False,False
SKU_00246,Versace,Versace Product 246,women,Vendor B,C,59.3,19.5359,28,24,24,2.765,1.3532,27,2,1,25,488.4,9.764918625678119,False,False
SKU_00247,Lacoste,Lacoste Product 247,men,Vendor C,C,81.01,35.0891,35,48,12,3.5118,1.7874,70,11,25,59,2070.26,19.93279799533003,False,True
SKU_00248,Versace,Versace Product 248,unisex,Vendor D,C,12.25,3.8173,28,24,12,7.71,2.2176,111,7,14,104,397.0,14.396887159533074,False,True
SKU_00249,Versace,Versace Product 249,men,Vendor B,C,119.28,61.6093,28,24,24,4.9638,3.3885,108,14,55,94,5791.27,21.757524477215036,False,True
SKU_00250,Ralph Lauren,Ralph Lauren Product 250,unisex,Vendor D,C,42.34,22.3936,28,24,12,4.4719,2.1201,68,0,7,68,1522.76,15.206064536326842,False,True
